<?xml version="1.0" encoding="UTF-8"?>

<!-- 
 * PopulateDatabase.xml
 *
 * Copyright (C) 2017 Universidad de Sevilla
 * 
 * The use of this project is hereby constrained to the conditions of the 
 * TDG Licence, a copy of which you may download from 
 * http://www.tdg-seville.info/License.html
 -->

<beans xmlns="http://www.springframework.org/schema/beans"
	xmlns:xsi="http://www.w3.org/2001/XMLSchema-instance"
	xsi:schemaLocation="
		http://www.springframework.org/schema/beans http://www.springframework.org/schema/beans/spring-beans.xsd
	">
	
	<!-- Banner --> 
	
	<bean id="banner1" class="domain.Banner">
	 	<property name="image" value="http://i64.tinypic.com/qqeech.jpg" />
		<property name="isPrincipal" value="true"/>
	</bean>
	
	<bean id="banner2" class="domain.Banner">
	 	<property name="image" value="http://i66.tinypic.com/vfy1hv.jpg" />
		<property name="isPrincipal" value="false"/>
	</bean>
	
	<bean id="banner3" class="domain.Banner">
	 	<property name="image" value="http://i67.tinypic.com/212fic6.jpg" />
		<property name="isPrincipal" value="false"/>
	</bean>

	<!-- User accounts -->

	<bean id="userAccount1" class="security.UserAccount">
		<property name="username" value="admin" />
		<property name="password" value="21232f297a57a5a743894a0e4a801fc3" />
		<property name="authorities">
			<list>
				<bean class="security.Authority">
					<property name="authority" value="ADMIN" />
				</bean>
			</list>
		</property>
	</bean>

 <!--Other domain beans come here -->	
 
	<!-- Administrator -->	

	<bean id="admin" class="domain.Administrator">
		<property name="name" value="Manuel"/>
		<property name="surname" value="Robledo"/>
		<property name="email" value="robledo@gmail.com"/>
		<property name="phone" value="+34 956999111"/>
		<property name="userAccount" ref="userAccount1"/>
		<property name="isCommentable" value="false"/>
		
	</bean>
		
</beans>