<?xml version="1.0" encoding="UTF-8"?>

<!-- 
 * PopulateDatabase.xml
 *
 * Copyright (C) 2017 Universidad de Sevilla
 * 
 * The use of this project is hereby constrained to the conditions of the 
 * TDG Licence, a copy of which you may download from 
 * http://www.tdg-seville.info/License.html
 -->

<beans xmlns="http://www.springframework.org/schema/beans"
	xmlns:xsi="http://www.w3.org/2001/XMLSchema-instance"
	xsi:schemaLocation="
		http://www.springframework.org/schema/beans http://www.springframework.org/schema/beans/spring-beans.xsd
	">
	
	<!-- Banner --> 
	<bean id="banner1" class="domain.Banner">
	 	<property name="image" value="http://i64.tinypic.com/qqeech.jpg" />
		<property name="isPrincipal" value="true"/>
	</bean>
	
	<bean id="banner2" class="domain.Banner">
	 	<property name="image" value="http://i66.tinypic.com/vfy1hv.jpg" />
		<property name="isPrincipal" value="false"/>
	</bean>
	
	<bean id="banner3" class="domain.Banner">
	 	<property name="image" value="http://i67.tinypic.com/212fic6.jpg" />
		<property name="isPrincipal" value="false"/>
	</bean>
	 
	<!-- Co-ordinate -->
	
	<bean id="coordinate1" class="domain.Coordinate">
		<property name="latitude" value="84.253658" />
		<property name="longitude" value="-125.235614" />
	</bean>
	
	<bean id="coordinate2" class="domain.Coordinate">
		<property name="latitude" value="80.3658" />
		<property name="longitude" value="125.235614" />
	</bean>
	
	<bean id="coordinate3" class="domain.Coordinate">
		<property name="latitude" value="36.253658" />
		<property name="longitude" value="86.235614" />
	</bean>
	
	<bean id="coordinate4" class="domain.Coordinate">
		<property name="latitude" value="71.986325" />
		<property name="longitude" value="-71.235614" />
	</bean>
	
	<bean id="coordinate5" class="domain.Coordinate">
		<property name="latitude" value="88.963" />
		<property name="longitude" value="-3.235614" />
	</bean>

	<!-- User accounts -->

	<bean id="userAccount1" class="security.UserAccount">
		<property name="username" value="admin" />
		<property name="password" value="21232f297a57a5a743894a0e4a801fc3" />
		<property name="authorities">
			<list>
				<bean class="security.Authority">
					<property name="authority" value="ADMIN" />
				</bean>
			</list>
		</property>
	</bean>

	<bean id="userAccount2" class="security.UserAccount">
		<property name="username" value="customer1" />
		<property name="password" value="ffbc4675f864e0e9aab8bdf7a0437010" />
		<property name="authorities">
			<list>
				<bean class="security.Authority">
					<property name="authority" value="CUSTOMER" />
				</bean>
			</list>
		</property>
	</bean>

	<bean id="userAccount3" class="security.UserAccount">
		<property name="username" value="customer2" />
		<property name="password" value="5ce4d191fd14ac85a1469fb8c29b7a7b" />
		<property name="authorities">
			<list>
				<bean class="security.Authority">
					<property name="authority" value="CUSTOMER" />
				</bean>
			</list>
		</property>
	</bean>
	
	<bean id="userAccount4" class="security.UserAccount">
		<property name="username" value="customer3" />
		<property name="password" value="033f7f6121501ae98285ad77f216d5e7" />
		<property name="authorities">
			<list>
				<bean class="security.Authority">
					<property name="authority" value="CUSTOMER" />
				</bean>
			</list>
		</property>
	</bean>
	
	<bean id="userAccount5" class="security.UserAccount">
		<property name="username" value="customer4" />
		<property name="password" value="55feb130be438e686ad6a80d12dd8f44" />
		<property name="authorities">
			<list>
				<bean class="security.Authority">
					<property name="authority" value="CUSTOMER" />
				</bean>
			</list>
		</property>
	</bean>
	
	<bean id="userAccount6" class="security.UserAccount">
		<property name="username" value="customer5" />
		<property name="password" value="9e8486cdd435beda9a60806dd334d964" />
		<property name="authorities">
			<list>
				<bean class="security.Authority">
					<property name="authority" value="CUSTOMER" />
				</bean>
			</list>
		</property>
	</bean>

 <!--Other domain beans come here -->	
	<!-- Administrator -->	

	<bean id="admin" class="domain.Administrator">
		<property name="name" value="Manuel"/>
		<property name="surname" value="Robledo"/>
		<property name="email" value="robledo@gmail.com"/>
		<property name="phone" value="+34 956999111"/>
		<property name="userAccount" ref="userAccount1"/>
		<property name="isCommentable" value="false"/>
		
	</bean>
	<!-- Customer -->
	
	<bean id="customer1" class="domain.Customer">
		<property name="name" value="Antonio"/>
		<property name="surname" value="Martinez"/>
		<property name="email" value="antonio@gmail.com"/>
		<property name="phone" value="+34 957239171"/>
		<property name="isCommentable" value="true"/>
		<property name="userAccount" ref="userAccount2"/>
		<property name="sended">
			<list>
				<ref bean="message1"/>
				<ref bean="message2"/>
			</list>
		</property>
		<property name="received">
			<list>
				<ref bean="message3"/>
				<ref bean="message4"/>
			</list>
		</property>
		 <property name="writtenComments">
			<list>
				<ref bean="comment1"/>
				<ref bean="comment2"/>
			</list>
		</property>
		
	</bean>
	
	<bean id="customer2" class="domain.Customer">
		<property name="name" value="Juan"/>
		<property name="surname" value="Ramirez"/>
		<property name="email" value="juan@gmail.com"/>
		<property name="phone" value="+34 954963111"/>
		<property name="isCommentable" value="true"/>
		<property name="userAccount" ref="userAccount3"/>
		<property name="sended">
			<list>
				<ref bean="message3"/>
			</list>
		</property>
		<property name="received">
			<list>
				<ref bean="message1"/>
			</list>
		</property>
		 <property name="writtenComments">
			<list>
				<ref bean="comment3"/>
			</list>
		</property>
		<property name="comments">
			<list>
				<ref bean="comment1"/>
			</list>
		</property>
	</bean>
	
	<bean id="customer3" class="domain.Customer">
		<property name="name" value="Pedro"/>
		<property name="surname" value="Garcia"/>
		<property name="email" value="pedro@gmail.com"/>
		<property name="phone" value="954632510"/>
		<property name="isCommentable" value="true"/>
		<property name="userAccount" ref="userAccount4"/>
		<property name="sended">
			<list>
			</list>
		</property>
		<property name="received">
			<list>
				<ref bean="message2"/>
			</list>
		</property>
		 <property name="writtenComments">
			<list>
				<ref bean="comment4"/>
			</list>
		</property>
	</bean>
	
	<bean id="customer4" class="domain.Customer">
		<property name="name" value="Jose Luis"/>
		<property name="surname" value="Pulido"/>
		<property name="email" value="joseLuis@gmail.com"/>
		<property name="phone" value="957412032"/>
		<property name="isCommentable" value="true"/>
		<property name="userAccount" ref="userAccount5"/>
		<property name="sended">
			<list>
				<ref bean="message4"/>
			</list>
		</property>
		<property name="received">
			<list>
				
			</list>
		</property>
		 <property name="writtenComments">
			<list>
				
			</list>
		</property>
	</bean>
	
	<bean id="customer5" class="domain.Customer">
		<property name="name" value="Daniel"/>
		<property name="surname" value="Garcia"/>
		<property name="email" value="dani@gmail.com"/>
		<property name="phone" value="965325614"/>
		<property name="isCommentable" value="true"/>
		<property name="userAccount" ref="userAccount6"/>
		<property name="sended">
			<list>
				
			</list>
		</property>
		<property name="received">
			<list>
				
			</list>
		</property>
		 <property name="writtenComments">
			<list>
				
			</list>
		</property>
	</bean>
	
	<!-- Message 	-->
	<bean id="message1" class="domain.Message">
		<property name="moment" value="03/13/2017 12:00"/>
		<property name="title" value="Mensaje 1"/>
		<property name="text" value="Te he enviado un mensaje."/>
		<property name="sender" ref="customer1"/>
		<property name="recipient" ref="customer2"/>
		<property name="attachment">
			<set>
				<value>http://www.google.es</value>
			</set>
		</property>
	</bean>
	
	<bean id="message2" class="domain.Message">
		<property name="moment" value="03/10/2017 12:00"/>
		<property name="title" value="Mensaje 2"/>
		<property name="text" value="Esto es un mensaje de prueba."/>
		<property name="sender" ref="customer1"/>
		<property name="recipient" ref="customer3"/>
		<property name="attachment">
			<set>
				<value>http://www.google.es</value>
				<value>http://www.google.es</value>
				<value>http://www.google.es</value>
			</set>
		</property>
	</bean>
	
	<bean id="message3" class="domain.Message">
		<property name="moment" value="03/10/2017 12:00"/>
		<property name="title" value="Mensaje 3"/>
		<property name="text" value="Esto es un mensaje de prueba."/>
		<property name="sender" ref="customer2"/>
		<property name="recipient" ref="customer1"/>
		<property name="attachment">
			<set>
				<value>http://www.google.es</value>
				<value>http://www.google.es</value>
				<value>http://www.google.es</value>
			</set>
		</property>
	</bean>
	
	<bean id="message4" class="domain.Message">
		<property name="moment" value="03/10/2017 12:00"/>
		<property name="title" value="Mensaje 4"/>
		<property name="text" value="Mensaje"/>
		<property name="sender" ref="customer4"/>
		<property name="recipient" ref="customer1"/>
		<property name="attachment">
			<list>
			</list>
		</property>
	</bean>

	<!-- Offer -->	
	<bean id="offer1" class="domain.Offer">
		<property name="title" value="Offer 1"/>
		<property name="description" value="Esta es la descripcion del offer1"/>
		<property name="moment" value="03/13/2017 17:00"/>
		<property name="origin" value="Córdoba"/>
		<property name="destination" value="Sevilla"/>
		<property name="banned" value="true"/>
		<property name="customer" ref="customer1"/>
		<property name="isCommentable" value="true"/>
		<property name="comments">
			<list>
				<ref bean="comment2"/>
				<ref bean="comment3"/>
			</list>
		</property>
		
	</bean>
	
	<bean id="offer2" class="domain.Offer">
		<property name="title" value="Offer 2"/>
		<property name="description" value="Esta es la descripcion del offer2"/>
		<property name="moment" value="03/13/2017 16:00"/>
		<property name="origin" value="Córdoba"/>
		<property name="destination" value="Sevilla"/>
		<property name="banned" value="false"/>
		<property name="customer" ref="customer1"/>
		<property name="isCommentable" value="true"/>
	</bean>
	
	<bean id="offer3" class="domain.Offer">
		<property name="title" value="Offer 3"/>
		<property name="description" value="Esta es la descripcion del offer3"/>
		<property name="moment" value="03/13/2017 16:00"/>
		<property name="origin" value="Madrid"/>
		<property name="destination" value="Cordoba"/>
		<property name="banned" value="false"/>
		<property name="customer" ref="customer3"/>
		<property name="isCommentable" value="true"/>
	</bean>
	
	<bean id="offer4" class="domain.Offer">
		<property name="title" value="Offer 4"/>
		<property name="description" value="Esta es la descripcion del offer4"/>
		<property name="moment" value="03/17/2017 16:00"/>
		<property name="origin" value="Sevilla"/>
		<property name="destination" value="Cordoba"/>
		<property name="banned" value="false"/>
		<property name="customer" ref="customer1"/>
		<property name="isCommentable" value="true"/>
		<property name="originCoordinate" ref="coordinate1"/>
		<property name="destinationCoordinate" ref="coordinate2"/>
	</bean>
	
	<!-- Request -->	
	<bean id="request1" class="domain.Request">
		<property name="title" value="Request 1"/>
		<property name="description" value="Esta es la descripcion de la request1"/>
		<property name="moment" value="03/14/2017 17:00"/>
		<property name="origin" value="Palma del Río"/>
		<property name="destination" value="Sevilla"/>
		<property name="banned" value="false"/>
		<property name="customer" ref="customer1"/>
		<property name="isCommentable" value="true"/>
		<property name="originCoordinate" ref="coordinate3"/>
		<property name="destinationCoordinate" ref="coordinate4"/>
		<property name="comments">
			<list>
				<ref bean="comment4"/>
			</list>
		</property>
		
	</bean>
	
	<bean id="request2" class="domain.Request">
		<property name="title" value="Request 2"/>
		<property name="description" value="Esta es la descripcion de la request2"/>
		<property name="moment" value="03/14/2017 17:00"/>
		<property name="origin" value="Sevilla"/>
		<property name="destination" value="Malaga"/>
		<property name="banned" value="false"/>
		<property name="customer" ref="customer4"/>
		<property name="isCommentable" value="true"/>
		<property name="destinationCoordinate" ref="coordinate5"/>
	</bean>
	
	<bean id="request3" class="domain.Request">
		<property name="title" value="Request 3"/>
		<property name="description" value="Esta es la descripcion de la request3"/>
		<property name="moment" value="03/21/2017 17:00"/>
		<property name="origin" value="Malaga"/>
		<property name="destination" value="Sevilla"/>
		<property name="banned" value="false"/>
		<property name="customer" ref="customer4"/>
		<property name="isCommentable" value="true"/>
	</bean>
	
	<bean id="request4" class="domain.Request">
		<property name="title" value="Request 4"/>
		<property name="description" value="Esta es la descripcion de la request4"/>
		<property name="moment" value="03/14/2017 17:00"/>
		<property name="origin" value="Ecija"/>
		<property name="destination" value="Palma del Río"/>
		<property name="banned" value="false"/>
		<property name="customer" ref="customer4"/>
		<property name="isCommentable" value="true"/>
	</bean>
	
	<!-- ApplyFor -->
	<bean id="apply1" class="domain.ApplyFor">
		<property name="status" value="PENDING"/>
		<property name="customer" ref="customer4"/>
		<property name="deal" ref="offer1"/>
	</bean>
	
	<bean id="apply2" class="domain.ApplyFor">
		<property name="status" value="PENDING"/>
		<property name="customer" ref="customer2"/>
		<property name="deal" ref="offer1"/>
	</bean>
	
	<bean id="apply3" class="domain.ApplyFor">
		<property name="status" value="PENDING"/>
		<property name="customer" ref="customer3"/>
		<property name="deal" ref="offer1"/>
	</bean>
	
	<bean id="apply4" class="domain.ApplyFor">
		<property name="status" value="DENIED"/>
		<property name="customer" ref="customer3"/>
		<property name="deal" ref="offer2"/>
	</bean>
	
	<bean id="apply5" class="domain.ApplyFor">
		<property name="status" value="ACCEPTED"/>
		<property name="customer" ref="customer5"/>
		<property name="deal" ref="offer2"/>
	</bean>
	
	<bean id="apply6" class="domain.ApplyFor">
		<property name="status" value="PENDING"/>
		<property name="customer" ref="customer1"/>
		<property name="deal" ref="request3"/>
	</bean>
	
	<bean id="apply7" class="domain.ApplyFor">
		<property name="status" value="PENDING"/>
		<property name="customer" ref="customer3"/>
		<property name="deal" ref="request2"/>
	</bean>
	
	<bean id="apply8" class="domain.ApplyFor">
		<property name="status" value="ACCEPTED"/>
		<property name="customer" ref="customer3"/>
		<property name="deal" ref="request1"/>
	</bean>
	
	<!-- Comment -->
	<bean id="comment1" class="domain.Comment">
		<property name="title" value="Comment1"/>
		<property name="postedMoment" value="02/08/2017 17:58"/>
		<property name="text" value="text1"/>
		<property name="stars" value="5"/>
		<property name="banned" value="false"/>
		<property name="actor" ref="customer1"/>
		<property name="commentable" ref="customer2"/>
	</bean>
		
	<bean id="comment2" class="domain.Comment">
		<property name="title" value="Comment2"/>
		<property name="postedMoment" value="03/08/2017 17:58"/>
		<property name="text" value="text2"/>
		<property name="stars" value="1"/>
		<property name="banned" value="false"/>
		<property name="actor" ref="customer1"/>
		<property name="commentable" ref="offer1"/>
	</bean>
		
	<bean id="comment3" class="domain.Comment">
		<property name="title" value="Comment3"/>
		<property name="postedMoment" value="03/08/2017 17:58"/>
		<property name="text" value="text3"/>
		<property name="stars" value="1"/>
		<property name="banned" value="false"/>
		<property name="actor" ref="customer3"/>
		<property name="commentable" ref="offer1"/>
	</bean>
		
	<bean id="comment4" class="domain.Comment">
		<property name="title" value="Comment4"/>
		<property name="postedMoment" value="03/09/2017 17:58"/>
		<property name="text" value="text4"/>
		<property name="stars" value="4"/>
		<property name="banned" value="true"/>
		<property name="actor" ref="customer3"/>
		<property name="commentable" ref="request1"/>
	</bean>
	
	
</beans>