<?xml version="1.0" encoding="UTF-8"?>

<!-- 
 * security.xml
 *
 * Copyright (C) 2017 Universidad de Sevilla
 * 
 * The use of this project is hereby constrained to the conditions of the 
 * TDG Licence, a copy of which you may download from 
 * http://www.tdg-seville.info/License.html
 -->

<beans xmlns="http://www.springframework.org/schema/beans"
	xmlns:xsi="http://www.w3.org/2001/XMLSchema-instance" xmlns:security="http://www.springframework.org/schema/security"	
	xsi:schemaLocation="
		http://www.springframework.org/schema/beans http://www.springframework.org/schema/beans/spring-beans-4.0.xsd		
        http://www.springframework.org/schema/security http://www.springframework.org/schema/security/spring-security-3.2.xsd
    ">

	<!-- Security infrastructure -->

	<bean id="loginService" class="security.LoginService" />

	<bean id="passwordEncoder"
		class="org.springframework.security.authentication.encoding.Md5PasswordEncoder" />

	<!-- Access control -->

	<security:http auto-config="true" use-expressions="true">
		<security:intercept-url pattern="/" access="permitAll" /> 

		<security:intercept-url pattern="/favicon.ico" access="permitAll" /> 
		<security:intercept-url pattern="/images/**" access="permitAll" /> 
		<security:intercept-url pattern="/scripts/**" access="permitAll" /> 
		<security:intercept-url pattern="/styles/**" access="permitAll" /> 

		<security:intercept-url pattern="/views/misc/index.jsp" access="permitAll" /> 
		<security:intercept-url pattern="/misc/lopd.do" access="permitAll" /> 
		

		<security:intercept-url pattern="/security/login.do" access="permitAll" /> 
		<security:intercept-url pattern="/security/loginFailure.do" access="permitAll" /> 

		<security:intercept-url pattern="/welcome/index.do" access="permitAll" /> 

		<security:intercept-url pattern="/administrator/dashboard.do" access="hasRole('ADMIN')" /> 

		<security:intercept-url pattern="/request/list.do" access="isAuthenticated()" />
		<security:intercept-url pattern="/offer/display.do" access="isAuthenticated()" />
		<security:intercept-url pattern="/customer/displayById.do" access="isAuthenticated()" />
		<security:intercept-url pattern="/request/display.do" access="isAuthenticated()" />
		<security:intercept-url pattern="/offer/search.do" access="isAuthenticated()" />
		<security:intercept-url pattern="/request/search.do" access="isAuthenticated()" />
		<security:intercept-url pattern="/request/listAdmin.do" access="hasRole('ADMIN')" />
		<security:intercept-url pattern="/request/banUnbanRequest.do" access="hasRole('ADMIN')" />
		<security:intercept-url pattern="/request/delete.do" access="hasRole('CUSTOMER')" />
		 
		
		<security:intercept-url pattern="/offer/list.do" access="isAuthenticated()" /> 
		<security:intercept-url pattern="/offer/listAdmin.do" access="hasRole('ADMIN')" />
		<security:intercept-url pattern="/offer/banUnbanOffer.do" access="hasRole('ADMIN')" />
		<security:intercept-url pattern="/offer/delete.do" access="hasRole('CUSTOMER')" />
		
		<security:intercept-url pattern="/comment/listAdmin.do" access="hasRole('ADMIN')" />
		<security:intercept-url pattern="/comment/banUnbanComment.do" access="hasRole('ADMIN')" />  
		
		<security:intercept-url pattern="/banner/listAdmin.do" access="hasRole('ADMIN')" />
		<security:intercept-url pattern="/banner/makePrincipal.do" access="hasRole('ADMIN')" />  
		<security:intercept-url pattern="/banner/**" access="hasRole('ADMIN')" />
		
		<security:intercept-url pattern="/customer/register.do" access="permitAll" /> 
	
		<security:intercept-url pattern="/customer/request/myList.do" access="hasRole('CUSTOMER')" />
		<security:intercept-url pattern="/customer/request/create.do" access="hasRole('CUSTOMER')" />
		<security:intercept-url pattern="/customer/offer/myList.do" access="hasRole('CUSTOMER')" />
		<security:intercept-url pattern="/customer/offer/create.do" access="hasRole('CUSTOMER')" />
		<security:intercept-url pattern="/applyFor/delete.do" access="hasRole('CUSTOMER')" />
		<security:intercept-url pattern="/applyFor/register.do" access="hasRole('CUSTOMER')" />
		<security:intercept-url pattern="/applyFor/display.do" access="hasRole('CUSTOMER')" />
		<security:intercept-url pattern="/applyFor/accept.do" access="hasRole('CUSTOMER')" />
		<security:intercept-url pattern="/applyFor/deny.do" access="hasRole('CUSTOMER')" />
		
		<security:intercept-url pattern="/message/received.do" access="isAuthenticated()" />
		<security:intercept-url pattern="/message/sent.do" access="isAuthenticated()" />
		<security:intercept-url pattern="/message/write.do" access="isAuthenticated()" /> 
		<security:intercept-url pattern="/message/view.do" access="isAuthenticated()" />
		<security:intercept-url pattern="/message/delete.do" access="isAuthenticated()" /> 
		<security:intercept-url pattern="/message/forward.do" access="isAuthenticated()" /> 
		<security:intercept-url pattern="/message/reply.do" access="isAuthenticated()" />

		<security:intercept-url pattern="/customer/display.do" access="isAuthenticated()" />
		<security:intercept-url pattern="/comment/edit.do" access="hasAnyRole('CUSTOMER','ADMIN')" />
		<security:intercept-url pattern="/comment/create.do" access="hasAnyRole('CUSTOMER','ADMIN')" />
		<security:intercept-url pattern="/comment/edit2.do" access="hasAnyRole('CUSTOMER','ADMIN')" />
		<security:intercept-url pattern="/comment/create2.do" access="hasAnyRole('CUSTOMER','ADMIN')" />
	
		<security:intercept-url pattern="/**" access="hasRole('NONE')" />

		<security:form-login 
			login-page="/security/login.do"
			password-parameter="password" 
			username-parameter="username"
			authentication-failure-url="/security/loginFailure.do" />

		<security:logout 
			logout-success-url="/" 
			invalidate-session="true" />
	</security:http>

</beans>